{
    "window_size": 172,
    "hidden_size": 110,
    "num_layers": 1,
    "dropout": 0.15504263023853793,
    "lr": 0.0005579246599361697,
    "batch_size": 32
}