{
    "window_size": 63,
    "hidden_size": 40,
    "num_layers": 1,
    "dropout": 0.3234500742590777,
    "lr": 0.001891736502252431,
    "batch_size": 128
}