{
    "window_size": 198,
    "hidden_size": 94,
    "num_layers": 1,
    "dropout": 0.20015444884127298,
    "lr": 0.0013992866104005752,
    "batch_size": 32
}